SET SQL_MODE = "NO_AUTO_VALUE_ON_ZERO";
START TRANSACTION;
SET time_zone = "+00:00";

CREATE DATABASE ppdb_sulsel;
USE ppdb_sulsel;

CREATE TABLE `calonpesertadidik` (
  `id_peserta` int(11) NOT NULL AUTO_INCREMENT,
  `nama` varchar(100) DEFAULT NULL,
  `nisn` varchar(20) UNIQUE DEFAULT NULL,
  `tempat_lahir` varchar(50) DEFAULT NULL,
  `tanggal_lahir` date DEFAULT NULL,
  `alamat` text DEFAULT NULL,
  `no_hp` varchar(15) DEFAULT NULL,
  `email` varchar(100) UNIQUE DEFAULT NULL,
  PRIMARY KEY (`id_peserta`)
) ENGINE=InnoDB DEFAULT CHARSET=utf8mb4 COLLATE=utf8mb4_general_ci;

CREATE TABLE `sekolah` (
  `id_sekolah` int(11) NOT NULL AUTO_INCREMENT,
  `nama_sekolah` varchar(100) DEFAULT NULL,
  `alamat` text DEFAULT NULL,
  `jenjang` enum('SMA','SMK') DEFAULT NULL,
  PRIMARY KEY (`id_sekolah`)
) ENGINE=InnoDB DEFAULT CHARSET=utf8mb4 COLLATE=utf8mb4_general_ci;

CREATE TABLE `jalurpendaftaran` (
  `id_jalur` int(11) NOT NULL AUTO_INCREMENT,
  `nama_jalur` varchar(50) DEFAULT NULL,
  `jenjang` enum('SMA','SMK') DEFAULT NULL,
  PRIMARY KEY (`id_jalur`)
) ENGINE=InnoDB DEFAULT CHARSET=utf8mb4 COLLATE=utf8mb4_general_ci;

CREATE TABLE `pendaftaran` (
  `id_pendaftaran` int(11) NOT NULL AUTO_INCREMENT,
  `id_peserta` int(11) NOT NULL,
  `id_sekolah` int(11) NOT NULL,
  `id_jalur` int(11) NOT NULL,
  `tanggal_daftar` date DEFAULT NULL,
  `status_pendaftaran` enum('Diterima','Ditolak','Menunggu') DEFAULT NULL,
  PRIMARY KEY (`id_pendaftaran`),
  FOREIGN KEY (`id_peserta`) REFERENCES `calonpesertadidik` (`id_peserta`) ON DELETE CASCADE,
  FOREIGN KEY (`id_sekolah`) REFERENCES `sekolah` (`id_sekolah`) ON DELETE CASCADE,
  FOREIGN KEY (`id_jalur`) REFERENCES `jalurpendaftaran` (`id_jalur`) ON DELETE CASCADE
) ENGINE=InnoDB DEFAULT CHARSET=utf8mb4 COLLATE=utf8mb4_general_ci;

CREATE TABLE `pengumuman` (
  `id_pengumuman` int(11) NOT NULL AUTO_INCREMENT,
  `id_pendaftaran` int(11) NOT NULL,
  `status_kelulusan` enum('Lulus','Tidak Lulus') DEFAULT NULL,
  `tanggal_pengumuman` date DEFAULT NULL,
  PRIMARY KEY (`id_pengumuman`),
  FOREIGN KEY (`id_pendaftaran`) REFERENCES `pendaftaran` (`id_pendaftaran`) ON DELETE CASCADE
) ENGINE=InnoDB DEFAULT CHARSET=utf8mb4 COLLATE=utf8mb4_general_ci;

CREATE TABLE `daftarulang` (
  `id_daftar_ulang` int(11) NOT NULL AUTO_INCREMENT,
  `id_pengumuman` int(11) NOT NULL,
  `status_daftar_ulang` enum('Selesai','Belum Selesai') DEFAULT NULL,
  `tanggal_daftar_ulang` date DEFAULT NULL,
  PRIMARY KEY (`id_daftar_ulang`),
  FOREIGN KEY (`id_pengumuman`) REFERENCES `pengumuman` (`id_pengumuman`) ON DELETE CASCADE
) ENGINE=InnoDB DEFAULT CHARSET=utf8mb4 COLLATE=utf8mb4_general_ci;

INSERT INTO calonpesertadidik (nama, nisn, tempat_lahir, tanggal_lahir, alamat, no_hp, email)
VALUES
('Aditya Mahendra', '1234567801', 'Makassar', '2005-01-01', 'Jl. Raya No. 1', '082134567801', 'aditya1@example.com'),
('Budi Prasetyo', '1234567802', 'Surabaya', '2005-02-02', 'Jl. Merdeka No. 2', '082134567802', 'budi2@example.com'),
('Citra Ramadhani', '1234567803', 'Bandung', '2005-03-03', 'Jl. Sudirman No. 3', '082134567803', 'citra3@example.com'),
('Dian Putri', '1234567804', 'Yogyakarta', '2005-04-04', 'Jl. Melati No. 4', '082134567804', 'dian4@example.com'),
('Eka Handayani', '1234567805', 'Medan', '2005-05-05', 'Jl. Mangga No. 5', '082134567805', 'eka5@example.com'),
('Fajar Satria', '1234567806', 'Makassar', '2005-06-06', 'Jl. Kenanga No. 6', '082134567806', 'fajar6@example.com'),
('Gita Saraswati', '1234567807', 'Bali', '2005-07-07', 'Jl. Anggrek No. 7', '082134567807', 'gita7@example.com'),
('Hendra Gunawan', '1234567808', 'Jakarta', '2005-08-08', 'Jl. Pahlawan No. 8', '082134567808', 'hendra8@example.com'),
('Indah Susanti', '1234567809', 'Semarang', '2005-09-09', 'Jl. Gading No. 9', '082134567809', 'indah9@example.com'),
('Joko Widodo', '1234567810', 'Surabaya', '2005-10-10', 'Jl. Bukit No. 10', '082134567810', 'joko10@example.com'),
('Kirana Putri', '1234567811', 'Makassar', '2005-11-11', 'Jl. Srikandi No. 11', '082134567811', 'kirana11@example.com'),
('Lia Suryani', '1234567812', 'Medan', '2005-12-12', 'Jl. Seruni No. 12', '082134567812', 'lia12@example.com'),
('Mukti Rahayu', '1234567813', 'Bandung', '2006-01-13', 'Jl. Pertiwi No. 13', '082134567813', 'mukti13@example.com'),
('Nina Putri', '1234567814', 'Yogyakarta', '2006-02-14', 'Jl. Sejahtera No. 14', '082134567814', 'nina14@example.com'),
('Omar Zaki', '1234567815', 'Surabaya', '2006-03-15', 'Jl. Kencana No. 15', '082134567815', 'omar15@example.com'),
('Putu Angga', '1234567816', 'Bali', '2006-04-16', 'Jl. Suka No. 16', '082134567816', 'putu16@example.com'),
('Rani Wulandari', '1234567817', 'Makassar', '2006-05-17', 'Jl. Kartini No. 17', '082134567817', 'rani17@example.com'),
('Siti Aisyah', '1234567818', 'Semarang', '2006-06-18', 'Jl. Talas No. 18', '082134567818', 'siti18@example.com'),
('Tasya Safira', '1234567819', 'Jakarta', '2006-07-19', 'Jl. Sempurna No. 19', '082134567819', 'tasya19@example.com'),
('Umar Farhan', '1234567820', 'Surabaya', '2006-08-20', 'Jl. Puspa No. 20', '082134567820', 'umar20@example.com'),
('Vina Rina', '1234567821', 'Medan', '2006-09-21', 'Jl. Kenari No. 21', '082134567821', 'vina21@example.com'),
('Wira Mahardika', '1234567822', 'Bandung', '2006-10-22', 'Jl. Sumbawa No. 22', '082134567822', 'wira22@example.com'),
('Xenia Sofia', '1234567823', 'Makassar', '2006-11-23', 'Jl. Cendana No. 23', '082134567823', 'xenia23@example.com'),
('Yusuf Hadi', '1234567824', 'Bali', '2006-12-24', 'Jl. Mentari No. 24', '082134567824', 'yusuf24@example.com'),
('Zara Putri', '1234567825', 'Yogyakarta', '2007-01-25', 'Jl. Melur No. 25', '082134567825', 'zara25@example.com'),
('Alvin Kurnia', '1234567826', 'Semarang', '2007-02-26', 'Jl. Jati No. 26', '082134567826', 'alvin26@example.com'),
('Briana Felicia', '1234567827', 'Jakarta', '2007-03-27', 'Jl. Merah No. 27', '082134567827', 'briana27@example.com'),
('Carlos Alberto', '1234567828', 'Surabaya', '2007-04-28', 'Jl. Mutiara No. 28', '082134567828', 'carlos28@example.com'),
('Della Anggraini', '1234567829', 'Makassar', '2007-05-29', 'Jl. Cemara No. 29', '082134567829', 'della29@example.com'),
('Evan Richard', '1234567830', 'Medan', '2007-06-30', 'Jl. Surya No. 30', '082134567830', 'evan30@example.com'),
('Farida Maulani', '1234567831', 'Bandung', '2007-07-01', 'Jl. Mentari No. 31', '082134567831', 'farida31@example.com'),
('Gerry Widodo', '1234567832', 'Yogyakarta', '2007-08-02', 'Jl. Raya No. 32', '082134567832', 'gerry32@example.com'),
('Hanafi Rizki', '1234567833', 'Bali', '2007-09-03', 'Jl. Nusantara No. 33', '082134567833', 'hanafi33@example.com'),
('Irmawati Setiawan', '1234567834', 'Surabaya', '2007-10-04', 'Jl. Pahlawan No. 34', '082134567834', 'irma34@example.com'),
('Johan Kurniawan', '1234567835', 'Medan', '2007-11-05', 'Jl. Taman No. 35', '082134567835', 'johan35@example.com'),
('Krisna Dharma', '1234567836', 'Bandung', '2007-12-06', 'Jl. Anggur No. 36', '082134567836', 'krisna36@example.com'),
('Larasati Dwi', '1234567837', 'Jakarta', '2008-01-07', 'Jl. Sakura No. 37', '082134567837', 'larasati37@example.com'),
('Maya Hidayati', '1234567838', 'Yogyakarta', '2008-02-08', 'Jl. Gemilang No. 38', '082134567838', 'maya38@example.com'),
('Nico Adrian', '1234567839', 'Bali', '2008-03-09', 'Jl. Permai No. 39', '082134567839', 'nico39@example.com'),
('Olivian Hani', '1234567840', 'Surabaya', '2008-04-10', 'Jl. Srikandi No. 40', '082134567840', 'olivian40@example.com'),
('Pandu Wijaya', '1234567841', 'Makassar', '2008-05-11', 'Jl. Taman No. 41', '082134567841', 'pandu41@example.com'),
('Qiana Maulida', '1234567842', 'Medan', '2008-06-12', 'Jl. Pantai No. 42', '082134567842', 'qiana42@example.com'),
('Rian Laksamana', '1234567843', 'Bandung', '2008-07-13', 'Jl. Merpati No. 43', '082134567843', 'rian43@example.com'),
('Sabrina Novita', '1234567844', 'Surabaya', '2008-08-14', 'Jl. Cempaka No. 44', '082134567844', 'sabrina44@example.com'),
('Taufik Rachman', '1234567845', 'Jakarta', '2008-09-15', 'Jl. Indah No. 45', '082134567845', 'taufik45@example.com'),
('Ulia Fariza', '1234567846', 'Yogyakarta', '2008-10-16', 'Jl. Bahagia No. 46', '082134567846', 'ulia46@example.com'),
('Vera Kusuma', '1234567847', 'Bali', '2008-11-17', 'Jl. Semangka No. 47', '082134567847', 'vera47@example.com'),
('Wendi Pranata', '1234567848', 'Medan', '2008-12-18', 'Jl. Bunga No. 48', '082134567848', 'wendi48@example.com'),
('Xander Ramadhan', '1234567849', 'Surabaya', '2009-01-19', 'Jl. Kupu-Kupu No. 49', '082134567849', 'xander49@example.com'),
('Yanti Fitria', '1234567850', 'Makassar', '2009-02-20', 'Jl. Pinus No. 50', '082134567850', 'yanti50@example.com');

INSERT INTO sekolah (id_sekolah, nama_sekolah, alamat, jenjang) VALUES
(1, 'SMAN 1 Makassar', 'Jl. Baji Gau, Makassar', 'SMA'),
(2, 'SMAN 2 Makassar', 'Jl. Amanagappa, Makassar', 'SMA'),
(3, 'SMAN 3 Makassar', 'Jl. Gunung Batu Putih, Makassar', 'SMA'),
(4, 'SMAN 4 Makassar', 'Jl. Andi Pangeran Pettarani, Makassar', 'SMA'),
(5, 'SMAN 5 Makassar', 'Jl. Tupai, Makassar', 'SMA'),
(6, 'SMAN 6 Makassar', 'Jl. Veteran Selatan, Makassar', 'SMA'),
(7, 'SMAN 7 Makassar', 'Jl. Cendrawasih, Makassar', 'SMA'),
(8, 'SMAN 8 Makassar', 'Jl. Sultan Alauddin, Makassar', 'SMA'),
(9, 'SMAN 9 Makassar', 'Jl. Rajawali, Makassar', 'SMA'),
(10, 'SMAN 10 Makassar', 'Jl. Urip Sumoharjo, Makassar', 'SMA'),
(11, 'SMKN 1 Makassar', 'Jl. AP Pettarani, Makassar', 'SMK'),
(12, 'SMKN 2 Makassar', 'Jl. Monginsidi, Makassar', 'SMK'),
(13, 'SMKN 3 Makassar', 'Jl. Bandang, Makassar', 'SMK'),
(14, 'SMKN 4 Makassar', 'Jl. Dr. Wahidin Sudirohusodo, Makassar', 'SMK'),
(15, 'SMKN 5 Makassar', 'Jl. Sunu, Makassar', 'SMK'),
(16, 'SMKN 6 Makassar', 'Jl. Sultan Hasanuddin, Makassar', 'SMK'),
(17, 'SMKN 7 Makassar', 'Jl. Jendral Sudirman, Makassar', 'SMK'),
(18, 'SMKN 8 Makassar', 'Jl. Perintis Kemerdekaan, Makassar', 'SMK'),
(19, 'SMKN 9 Makassar', 'Jl. Batua Raya, Makassar', 'SMK'),
(20, 'SMKN 10 Makassar', 'Jl. Hertasning, Makassar', 'SMK'),
(21, 'SMAN 1 Gowa', 'Jl. Sultan Hasanuddin, Gowa', 'SMA'),
(22, 'SMAN 2 Gowa', 'Jl. Malino, Gowa', 'SMA'),
(23, 'SMAN 3 Gowa', 'Jl. Pallantikang, Gowa', 'SMA'),
(24, 'SMAN 4 Gowa', 'Jl. Syekh Yusuf, Gowa', 'SMA'),
(25, 'SMAN 5 Gowa', 'Jl. Bontonompo, Gowa', 'SMA'),
(26, 'SMKN 1 Gowa', 'Jl. Malino, Gowa', 'SMK'),
(27, 'SMKN 2 Gowa', 'Jl. Limbung, Gowa', 'SMK'),
(28, 'SMKN 3 Gowa', 'Jl. Pallangga, Gowa', 'SMK'),
(29, 'SMAN 1 Maros', 'Jl. Nasrun Amrullah, Maros', 'SMA'),
(30, 'SMAN 2 Maros', 'Jl. Bontoa, Maros', 'SMA'),
(31, 'SMAN 3 Maros', 'Jl. Bantimurung, Maros', 'SMA'),
(32, 'SMKN 1 Maros', 'Jl. Poros Maros, Maros', 'SMK'),
(33, 'SMKN 2 Maros', 'Jl. Tangkuru, Maros', 'SMK'),
(34, 'SMAN 1 Pangkep', 'Jl. Andi Mappe, Pangkep', 'SMA'),
(35, 'SMAN 2 Pangkep', 'Jl. Soreang, Pangkep', 'SMA'),
(36, 'SMKN 1 Pangkep', 'Jl. Cendrawasih, Pangkep', 'SMK'),
(37, 'SMKN 2 Pangkep', 'Jl. Andi Mauraga, Pangkep', 'SMK'),
(38, 'SMAN 1 Takalar', 'Jl. Sudirman, Takalar', 'SMA'),
(39, 'SMAN 2 Takalar', 'Jl. H. Agus Salim, Takalar', 'SMA'),
(40, 'SMKN 1 Takalar', 'Jl. Pattallassang, Takalar', 'SMK'),
(41, 'SMKN 2 Takalar', 'Jl. Bontokassi, Takalar', 'SMK'),
(42, 'SMAN 1 Bone', 'Jl. Veteran, Bone', 'SMA'),
(43, 'SMAN 2 Bone', 'Jl. KH. Agus Salim, Bone', 'SMA'),
(44, 'SMKN 1 Bone', 'Jl. Andi Mappanyukki, Bone', 'SMK'),
(45, 'SMKN 2 Bone', 'Jl. Jendral Sudirman, Bone', 'SMK'),
(46, 'SMAN 1 Sinjai', 'Jl. Jenderal Sudirman, Sinjai', 'SMA'),
(47, 'SMAN 2 Sinjai', 'Jl. Persatuan Guru, Sinjai', 'SMA'),
(48, 'SMKN 1 Sinjai', 'Jl. Andi Sultan Daeng Radja, Sinjai', 'SMK'),
(49, 'SMKN 2 Sinjai', 'Jl. Poros Sinjai-Bulukumba, Sinjai', 'SMK'),
(50, 'SMKN 3 Sinjai', 'Jl. Poros Sinjai-Bulukumba, Sinjai', 'SMK');

INSERT INTO `jalurpendaftaran` (`id_jalur`, `nama_jalur`, `jenjang`) VALUES
(1, 'Zonasi Kota', 'SMA'),
(2, 'Zonasi Kabupaten', 'SMA'),
(3, 'Afirmasi', 'SMA'),
(4, 'Prestasi Akademik', 'SMA'),
(5, 'Prestasi Non-Akademik', 'SMA'),
(6, 'Pindah Tugas Orang Tua', 'SMA'),
(7, 'Anak Guru', 'SMA'),
(8, 'Jalur Umum', 'SMA'),
(9, 'Jalur Khusus', 'SMA'),
(10, 'Jalur Mandiri', 'SMA'),
(11, 'Jalur Internasional', 'SMA'),
(12, 'Jalur Nasional', 'SMA'),
(13, 'Jalur Daerah', 'SMA'),
(14, 'Jalur Kejuaraan', 'SMA'),
(15, 'Jalur Beasiswa', 'SMA'),
(16, 'Jalur Kemitraan', 'SMA'),
(17, 'Jalur Tes Masuk', 'SMA'),
(18, 'Jalur PMDK', 'SMA'),
(19, 'Jalur RPL (Rekognisi Pembelajaran Lampau)', 'SMA'),
(20, 'Jalur Ekonomi Lemah', 'SMA'),
(21, 'Jalur Anak Berkebutuhan Khusus', 'SMA'),
(22, 'Jalur Bibit Unggul', 'SMA'),
(23, 'Jalur Siswa Berprestasi', 'SMA'),
(24, 'Jalur Siswa Berbakat', 'SMA'),
(25, 'Jalur Atlet', 'SMA'),
(26, 'Zonasi Kota', 'SMK'),
(27, 'Zonasi Kabupaten', 'SMK'),
(28, 'Afirmasi', 'SMK'),
(29, 'Prestasi Akademik', 'SMK'),
(30, 'Prestasi Non-Akademik', 'SMK'),
(31, 'Pindah Tugas Orang Tua', 'SMK'),
(32, 'Anak Guru', 'SMK'),
(33, 'Jalur Umum', 'SMK'),
(34, 'Jalur Khusus', 'SMK'),
(35, 'Jalur Mandiri', 'SMK'),
(36, 'Jalur Internasional', 'SMK'),
(37, 'Jalur Nasional', 'SMK'),
(38, 'Jalur Daerah', 'SMK'),
(39, 'Jalur Kejuaraan', 'SMK'),
(40, 'Jalur Beasiswa', 'SMK'),
(41, 'Jalur Kemitraan', 'SMK'),
(42, 'Jalur Tes Masuk', 'SMK'),
(43, 'Jalur PMDK', 'SMK'),
(44, 'Jalur RPL (Rekognisi Pembelajaran Lampau)', 'SMK'),
(45, 'Jalur Ekonomi Lemah', 'SMK'),
(46, 'Jalur Anak Berkebutuhan Khusus', 'SMK'),
(47, 'Jalur Bibit Unggul', 'SMK'),
(48, 'Jalur Siswa Berprestasi', 'SMK'),
(49, 'Jalur Siswa Berbakat', 'SMK'),
(50, 'Jalur Atlet', 'SMK');

INSERT INTO `pendaftaran` (`id_pendaftaran`, `id_peserta`, `id_sekolah`, `id_jalur`, `tanggal_daftar`, `status_pendaftaran`) VALUES
(1, 1, 1, 1, '2025-01-01', 'Diterima'),
(2, 2, 2, 2, '2025-01-02', 'Ditolak'),
(3, 3, 3, 3, '2025-01-03', 'Menunggu'),
(4, 4, 4, 4, '2025-01-04', 'Diterima'),
(5, 5, 5, 5, '2025-01-05', 'Ditolak'),
(6, 6, 6, 6, '2025-01-06', 'Menunggu'),
(7, 7, 7, 7, '2025-01-07', 'Diterima'),
(8, 8, 8, 8, '2025-01-08', 'Ditolak'),
(9, 9, 9, 9, '2025-01-09', 'Menunggu'),
(10, 10, 10, 10, '2025-01-10', 'Diterima'),
(11, 11, 11, 11, '2025-01-11', 'Ditolak'),
(12, 12, 12, 12, '2025-01-12', 'Menunggu'),
(13, 13, 13, 13, '2025-01-13', 'Diterima'),
(14, 14, 14, 14, '2025-01-14', 'Ditolak'),
(15, 15, 15, 15, '2025-01-15', 'Menunggu'),
(16, 16, 16, 16, '2025-01-16', 'Diterima'),
(17, 17, 17, 17, '2025-01-17', 'Ditolak'),
(18, 18, 18, 18, '2025-01-18', 'Menunggu'),
(19, 19, 19, 19, '2025-01-19', 'Diterima'),
(20, 20, 20, 20, '2025-01-20', 'Ditolak'),
(21, 21, 21, 21, '2025-01-21', 'Menunggu'),
(22, 22, 22, 22, '2025-01-22', 'Diterima'),
(23, 23, 23, 23, '2025-01-23', 'Ditolak'),
(24, 24, 24, 24, '2025-01-24', 'Menunggu'),
(25, 25, 25, 25, '2025-01-25', 'Diterima'),
(26, 26, 26, 26, '2025-01-26', 'Ditolak'),
(27, 27, 27, 27, '2025-01-27', 'Menunggu'),
(28, 28, 28, 28, '2025-01-28', 'Diterima'),
(29, 29, 29, 29, '2025-01-29', 'Ditolak'),
(30, 30, 30, 30, '2025-01-30', 'Menunggu'),
(31, 31, 31, 31, '2025-01-31', 'Diterima'),
(32, 32, 32, 32, '2025-02-01', 'Ditolak'),
(33, 33, 33, 33, '2025-02-02', 'Menunggu'),
(34, 34, 34, 34, '2025-02-03', 'Diterima'),
(35, 35, 35, 35, '2025-02-04', 'Ditolak'),
(36, 36, 36, 36, '2025-02-05', 'Menunggu'),
(37, 37, 37, 37, '2025-02-06', 'Diterima'),
(38, 38, 38, 38, '2025-02-07', 'Ditolak'),
(39, 39, 39, 39, '2025-02-08', 'Menunggu'),
(40, 40, 40, 40, '2025-02-09', 'Diterima'),
(41, 41, 41, 41, '2025-02-10', 'Ditolak'),
(42, 42, 42, 42, '2025-02-11', 'Menunggu'),
(43, 43, 43, 43, '2025-02-12', 'Diterima'),
(44, 44, 44, 44, '2025-02-13', 'Ditolak'),
(45, 45, 45, 45, '2025-02-14', 'Menunggu'),
(46, 46, 46, 46, '2025-02-15', 'Diterima'),
(47, 47, 47, 47, '2025-02-16', 'Ditolak'),
(48, 48, 48, 48, '2025-02-17', 'Menunggu'),
(49, 49, 49, 49, '2025-02-18', 'Diterima'),
(50, 50, 50, 50, '2025-02-19', 'Ditolak');

INSERT INTO `pengumuman` (`id_pendaftaran`, `status_kelulusan`, `tanggal_pengumuman`) VALUES
(1, 'Lulus', '2025-03-01'),
(2, 'Tidak Lulus', '2025-03-02'),
(3, 'Lulus', '2025-03-03'),
(4, 'Lulus', '2025-03-04'),
(5, 'Tidak Lulus', '2025-03-05'),
(6, 'Lulus', '2025-03-06'),
(7, 'Lulus', '2025-03-07'),
(8, 'Tidak Lulus', '2025-03-08'),
(9, 'Lulus', '2025-03-09'),
(10, 'Tidak Lulus', '2025-03-10'),
(11, 'Lulus', '2025-03-11'),
(12, 'Lulus', '2025-03-12'),
(13, 'Tidak Lulus', '2025-03-13'),
(14, 'Lulus', '2025-03-14'),
(15, 'Lulus', '2025-03-15'),
(16, 'Tidak Lulus', '2025-03-16'),
(17, 'Lulus', '2025-03-17'),
(18, 'Lulus', '2025-03-18'),
(19, 'Tidak Lulus', '2025-03-19'),
(20, 'Lulus', '2025-03-20'),
(21, 'Lulus', '2025-03-21'),
(22, 'Tidak Lulus', '2025-03-22'),
(23, 'Lulus', '2025-03-23'),
(24, 'Lulus', '2025-03-24'),
(25, 'Tidak Lulus', '2025-03-25'),
(26, 'Lulus', '2025-03-26'),
(27, 'Lulus', '2025-03-27'),
(28, 'Tidak Lulus', '2025-03-28'),
(29, 'Lulus', '2025-03-29'),
(30, 'Lulus', '2025-03-30'),
(31, 'Tidak Lulus', '2025-03-31'),
(32, 'Lulus', '2025-04-01'),
(33, 'Lulus', '2025-04-02'),
(34, 'Tidak Lulus', '2025-04-03'),
(35, 'Lulus', '2025-04-04'),
(36, 'Lulus', '2025-04-05'),
(37, 'Tidak Lulus', '2025-04-06'),
(38, 'Lulus', '2025-04-07'),
(39, 'Lulus', '2025-04-08'),
(40, 'Tidak Lulus', '2025-04-09'),
(41, 'Lulus', '2025-04-10'),
(42, 'Lulus', '2025-04-11'),
(43, 'Tidak Lulus', '2025-04-12'),
(44, 'Lulus', '2025-04-13'),
(45, 'Lulus', '2025-04-14'),
(46, 'Tidak Lulus', '2025-04-15'),
(47, 'Lulus', '2025-04-16'),
(48, 'Lulus', '2025-04-17'),
(49, 'Tidak Lulus', '2025-04-18'),
(50, 'Lulus', '2025-04-19');

INSERT INTO daftarulang (id_pengumuman, status_daftar_ulang, tanggal_daftar_ulang)
VALUES
(1, 'Selesai', '2025-03-01'),
(2, 'Belum Selesai', '2025-03-02'),
(3, 'Selesai', '2025-03-03'),
(4, 'Selesai', '2025-03-04'),
(5, 'Belum Selesai', '2025-03-05'),
(6, 'Selesai', '2025-03-06'),
(7, 'Belum Selesai', '2025-03-07'),
(8, 'Selesai', '2025-03-08'),
(9, 'Selesai', '2025-03-09'),
(10, 'Belum Selesai', '2025-03-10'),
(11, 'Selesai', '2025-03-11'),
(12, 'Belum Selesai', '2025-03-12'),
(13, 'Selesai', '2025-03-13'),
(14, 'Selesai', '2025-03-14'),
(15, 'Belum Selesai', '2025-03-15'),
(16, 'Selesai', '2025-03-16'),
(17, 'Belum Selesai', '2025-03-17'),
(18, 'Selesai', '2025-03-18'),
(19, 'Selesai', '2025-03-19'),
(20, 'Belum Selesai', '2025-03-20'),
(21, 'Selesai', '2025-03-21'),
(22, 'Belum Selesai', '2025-03-22'),
(23, 'Selesai', '2025-03-23'),
(24, 'Selesai', '2025-03-24'),
(25, 'Belum Selesai', '2025-03-25'),
(26, 'Selesai', '2025-03-26'),
(27, 'Belum Selesai', '2025-03-27'),
(28, 'Selesai', '2025-03-28'),
(29, 'Selesai', '2025-03-29'),
(30, 'Belum Selesai', '2025-03-30'),
(31, 'Selesai', '2025-03-31'),
(32, 'Belum Selesai', '2025-04-01'),
(33, 'Selesai', '2025-04-02'),
(34, 'Selesai', '2025-04-03'),
(35, 'Belum Selesai', '2025-04-04'),
(36, 'Selesai', '2025-04-05'),
(37, 'Belum Selesai', '2025-04-06'),
(38, 'Selesai', '2025-04-07'),
(39, 'Selesai', '2025-04-08'),
(40, 'Belum Selesai', '2025-04-09'),
(41, 'Selesai', '2025-04-10'),
(42, 'Belum Selesai', '2025-04-11'),
(43, 'Selesai', '2025-04-12'),
(44, 'Selesai', '2025-04-13'),
(45, 'Belum Selesai', '2025-04-14'),
(46, 'Selesai', '2025-04-15'),
(47, 'Belum Selesai', '2025-04-16'),
(48, 'Selesai', '2025-04-17'),
(49, 'Selesai', '2025-04-18'),
(50, 'Belum Selesai', '2025-04-19');

COMMIT;